[
  {
    "id": "440cc42b43bbcb8b5d38fbdede9e22f1",
    "title": "The Great Wall",
    "rating": "PG-13",
    "poster": "https://dl.dropboxusercontent.com/s/0zs1xh77m9g0fmx/the_great_wall.jpg"
  },
  {
    "id": "b4c2c326a4d335da654d4fd944bf88d0",
    "title": "Fifty Shades Darker",
    "rating": "R",
    "poster": "https://dl.dropboxusercontent.com/s/dt6wgt92cu9wqcr/fifty_shades_darker.jpg"
  },
  {
    "id": "f94447a9a91123041f6eb0679f01d80d",
    "title": "Doctor Strange",
    "rating": "PG-13",
    "poster": "https://dl.dropboxusercontent.com/s/tt2523gcspjr7l7/doctor_strange.jpg"
  },
  {
    "id": "56a14924d53cc5f82f75505b52deffbd",
    "title": "Nocturnal Animals",
    "rating": "R",
    "poster": "https://dl.dropboxusercontent.com/s/k2oyo7iez0fl88j/nocturnal_animals.jpg"
  },
  {
    "id": "52208a5a1900898799ddef74d62ca710",
    "title": "Jurassic World",
    "rating": "PG-13",
    "poster": "https://dl.dropboxusercontent.com/s/xptvkca3epeh9z0/jurassic_world.jpg"
  },
  {
    "id": "83eca80b80a52736a16663dded65e5f2",
    "title": "Suicide Squad",
    "rating": "R",
    "poster": "https://dl.dropboxusercontent.com/s/qs0rnitbjc2cccu/suicide_squad.jpg"
  },
  {
    "id": "bb768d6cd40339bd98c948be36ed8fe7",
    "title": "War Dogs",
    "rating": "R",
    "poster": "https://dl.dropboxusercontent.com/s/bf49uxvt4ys020p/war_dogs.jpg"
  },
  {
    "id": "eb97596c1083cce466f1c664994983bb",
    "title": "Mad Max: Fury Road",
    "rating": "R",
    "poster": "https://dl.dropboxusercontent.com/s/dk1q22xef2o70o4/mad_max.jpg"
  },
  {
    "id": "1150762c2724f57b7cf83b5cb5c9fad5",
    "title": "Anthropoid",
    "rating": "R",
    "poster": "https://dl.dropboxusercontent.com/s/y4jhi3fd21r4l15/anthropoid.jpg"
  }
]
